event_count,processed_events,runtime_seconds,events_per_second,avg_latency_us,p50_latency_us,p95_latency_us,p99_latency_us,peak_memory_mb,trades,resting_orders
1000,1000,0.09072989999549463,11021.724922541047,16.2379,12.0,36.709999999999994,62.149999999999956,0.6389226913452148,742,113
10000,10000,0.8425610999984201,11868.575465943955,15.88981,12.8,37.0,57.10100000000002,6.130694389343262,8159,415
100000,100000,8.69575579999946,11499.862956133866,17.039520999999997,14.0,39.7,63.5,60.91946792602539,86118,929
